source_account,target_account
s_user_655,t_user_702
s_user_115,t_user_333
s_user_026,t_user_787
s_user_760,t_user_795
s_user_282,t_user_058
s_user_251,t_user_235
s_user_229,t_user_033
s_user_143,t_user_324
s_user_755,t_user_411
s_user_105,t_user_275
s_user_693,t_user_068
s_user_759,t_user_217
s_user_559,t_user_581
s_user_090,t_user_736
s_user_605,t_user_323
s_user_433,t_user_218
s_user_033,t_user_672
s_user_031,t_user_512
s_user_096,t_user_406
s_user_224,t_user_659
s_user_239,t_user_470
s_user_518,t_user_147
s_user_617,t_user_272
s_user_028,t_user_143
s_user_575,t_user_253
s_user_204,t_user_763
s_user_734,t_user_575
s_user_666,t_user_552
s_user_719,t_user_270
s_user_787,t_user_765
s_user_430,t_user_599
s_user_226,t_user_439
s_user_460,t_user_598
s_user_604,t_user_409
s_user_285,t_user_371
s_user_007,t_user_225
s_user_164,t_user_142
s_user_715,t_user_522
s_user_784,t_user_506
s_user_349,t_user_094
s_user_765,t_user_049
s_user_160,t_user_113
s_user_221,t_user_157
s_user_345,t_user_643
s_user_790,t_user_164
s_user_095,t_user_697
s_user_390,t_user_433
s_user_100,t_user_611
s_user_368,t_user_066
s_user_353,t_user_395
